ATTACK_NEUTRAL,RIGHT,40,0,90,0,120,0,8,0,2,4,4,10,EASE_OUT,2,PATH,0,0,0,0,1,4,2,8,-2,4,0,3,3,3,0
ATTACK_SIDE,LEFT,60,0,135,-10,180,-10,18,0,5,7,6,12,EASE_IN_OUT,2,PATH,0,0,0,0,1,6,3,12,-4,6,0,4,6,5,1
ATTACK_UP,RIGHT,0,-60,30,-135,35,-185,20,0,6,8,6,14,EASE_IN_OUT,2,PATH,0,0,0,0,1,8,4,4,-20,8,0,5,8,6,3
ATTACK_DOWN,LEFT,10,55,50,115,70,155,20,0,6,8,6,14,EASE_IN_OUT,2,PATH,0,0,0,0,1,6,4,16,-12,6,0,4,6,4,2
SUPERBIA_1,RIGHT,-55,0,75,-8,245,0,18,0,8,8,8,13,EASE_IN,0,PATH,0,0,0,0,1,12,8,24,-6,0,6,8,8,6,2
SUPERBIA_2,RIGHT,-45,-12,90,-20,225,0,22,0,9,9,7,16,EASE_IN,0,PATH,0,0,0,-3,1,7,6,14,-5,0,10,9,7,6,2
SUPERBIA_2,LEFT,-45,12,90,20,225,0,22,0,9,9,7,16,EASE_IN,0,PATH,0,0,0,3,1,7,6,14,-5,0,10,9,7,6,2
AVARITIA_1,RIGHT,45,-120,220,-105,175,5,20,0,4,12,5,10,EASE_IN_OUT,3,PATH,0,0,0,0,1,9,5,-5,-2,8,4,9,5,4,1
AVARITIA_2,RIGHT,35,-150,220,-120,180,0,24,0,5,14,6,12,EASE_IN_OUT,2,PATH,0,0,0,0,1,7,5,-3.5,-2,7,5,10,6,4,1
AVARITIA_2,LEFT,35,150,220,120,180,0,24,0,5,14,6,12,EASE_IN_OUT,2,PATH,0,0,0,0,1,7,5,-3.5,-2,7,5,10,6,4,1
LUXURIA_1,RIGHT,0,-190,245,-170,225,85,26,0,3,19,4,11,EASE_IN_OUT,1,PATH,0,0,0,5,0,8,4,5,-2,4,6,10,4,3,1
LUXURIA_2,RIGHT,30,-230,275,-150,185,45,30,0,4,22,4,13,EASE_IN_OUT,1,PATH,0,0,0,8,0,6,4,4,-2,5,6,10,4,3,2
LUXURIA_2,LEFT,30,230,275,150,185,-45,30,0,4,22,4,13,EASE_IN_OUT,1,PATH,0,0,0,-8,0,6,4,4,-2,5,6,10,4,3,2
INVIDIA_1,RIGHT,55,-145,130,140,190,0,26,0,2,26,3,9,EASE_IN_OUT,1,PATH,0,0,0,0,0,5.5,3,3,-3,3,5,13,3,2,1
INVIDIA_2,RIGHT,45,-165,145,155,205,0,30,0,2,30,3,10,EASE_IN_OUT,1,PATH,0,0,0,0,0,4.5,3,3,-4,3,6,12,3,2,1
INVIDIA_2,LEFT,45,165,145,-155,205,0,30,0,2,30,3,10,EASE_IN_OUT,1,PATH,0,0,0,0,0,4.5,3,3,-4,3,6,12,3,2,1
GULA_1,RIGHT,45,-120,190,-85,165,15,23,0,5,12,8,15,EASE_IN_OUT,0,PATH,0,0,0,0,1,14,8,11,-3,10,7,9,10,6,2
GULA_2,RIGHT,25,-190,205,-120,175,0,25,0,4,14,8,16,EASE_IN_OUT,0,PATH,0,0,0,0,1,10,7,5,-2,8,7,8,9,6,2
GULA_2,LEFT,25,190,205,120,175,0,25,0,4,14,8,16,EASE_IN_OUT,0,PATH,0,0,0,0,1,10,7,5,-2,8,7,8,9,6,2
IRA_1,RIGHT,15,70,95,-165,175,-220,15,0,4,7,5,11,EASE_IN,0,SPIN,-20,0,260,0,1,10,5,18,-30,1,7,6,7,8,3
IRA_2,RIGHT,55,-220,230,-220,205,70,20,0,5,9,6,14,EASE_IN,0,SPIN,-30,0,320,0,1,8,5,20,-10,1,9,6,7,8,3
IRA_2,LEFT,25,-180,200,-230,205,70,20,0,5,9,6,14,EASE_IN,0,SPIN,30,0,-320,0,1,8,5,20,-10,1,9,6,7,8,3
ACEDIA_1,RIGHT,-110,160,105,185,215,20,24,0,0,24,5,13,EASE_IN_OUT,0,PATH,0,0,0,0,0,6.5,13,11,-3,3,3,8,6,3,2
ACEDIA_2,RIGHT,-150,-170,85,-235,190,-20,26,0,0,26,4,14,EASE_IN_OUT,0,PATH,0,0,0,0,0,4.5,9,7,-3,2,3,8,5,3,2
ACEDIA_2,LEFT,-150,170,85,235,190,20,26,0,0,26,4,14,EASE_IN_OUT,0,PATH,0,0,0,0,0,4.5,9,7,-3,2,3,8,5,3,2