SUPERBIA,NORMAL,ATTACK_POWER,RATE,1.2
SUPERBIA,SAME,KNOCKBACK_RESIST,RATE,1.2
SUPERBIA,MUYOKU,ATTACK_POWER,RATE,0.8
AVARITIA,NORMAL,DESIRE_GAIN,RATE,1.2
AVARITIA,SAME,COST_DESIRE,RATE,0.8
AVARITIA,MUYOKU,DESIRE_GAIN,RATE,0.8
LUXURIA,NORMAL,SPEED,RATE,1.2
LUXURIA,SAME,DESIRE_GAIN,RATE,1.2
LUXURIA,MUYOKU,SPEED,RATE,0.8
INVIDIA,NORMAL,SPEED,RATE,1.2
INVIDIA,SAME,JUMP_POWER,RATE,1.2
INVIDIA,MUYOKU,SPEED,RATE,0.8
GULA,NORMAL,ATTACK_POWER,RATE,1.2
GULA,SAME,COST_DESIRE,RATE,0.8
GULA,MUYOKU,ATTACK_POWER,RATE,0.8
IRA,NORMAL,KNOCKBACK_POWER,RATE,1.2
IRA,SAME,KNOCKBACK_POWER,RATE,1.4
IRA,MUYOKU,KNOCKBACK_POWER,RATE,0.8
ACEDIA,NORMAL,GUARD_POWER,RATE,0.8
ACEDIA,SAME,KNOCKBACK_RESIST,RATE,1.2
ACEDIA,MUYOKU,GUARD_POWER,RATE,1.2
